eName,isPlanet,semimajorAxis,perihelion,aphelion,eccentricity,inclination,density,gravity,escape,meanRadius,equaRadius,polarRadius,flattening,dimension,sideralOrbit,sideralRotation,discoveryDate,mass_kg,volume,orbit_type,orbits,bondAlbido,geomAlbido,RV_abs,p_transit,transit_visibility,transit_depth,massj,semimajorAxis_AU,grav_int
Moon,FALSE,384400,363300,405500,0.0549,5.145,3.344,1.62,2380,33,1738.1,1736,0.0012,NA,27.3217,655.728,NA,7.35E+22,21968000000,Secondary,Earth,NA,NA,NA,1.811589490114460,326.08610822060400,2.24586009581551E-09,3.86842105263158E-05,0.0025695552897999900,6606323854573963e10
Phobos,FALSE,9376,9234,9518,0.0151,1.075,1.9,0.0057,11.39,33,13,9.1,0,26.8 x 22.4 x 18.4,0.31891,0.7653,12/08/1877,1.06E+16,5783.61,Secondary,Mars,NA,NA,NA,74.2720776450512,13368.973976109200,2.24586009581551E-09,5.57894736842105E-12,6.2674688858389E-05,16014373256386214e6
Deimos,FALSE,23458,23456,23471,2E-04,1.075,1.75,0.003,5.556,33,7.8,5.1,0,15.0 x 12 x 10.4,1.26244,30.29856,12/08/1877,2.4E+15,9997.8,Secondary,Mars,NA,NA,NA,29.6860346150567,5343.486230710210,2.24586009581551E-09,1.26315789473684E-12,1.56807044714173E-04,5792533532210834e5
Io,FALSE,421800,0,0,0.004,0.036,3.53,1.79,0,1821.5,0,0,0,NA,1.76914,42.4593,07/01/1610,8.93E+22,NA,Secondary,Jupiter,NA,NA,NA,1.6552003319108600,297.93605974395400,6.84247422469023E-06,4.7E-05,0.0028195588481728300,6666188450185605e10
Europa,FALSE,671100,0,0,0.009,0.466,3.01,1.31,0,1560.8,0,0,0,NA,3.55118,85.2293,08/01/1610,4.8E+22,NA,Secondary,Jupiter,NA,NA,NA,1.0399386082551000,187.18894948591900,5.02399654116275E-06,2.52631578947368E-05,0.004486026417754350,1415487499855953e10
Ganymede,FALSE,1070400,0,0,0.001,0.177,1.94,1.428,0,2631.2,0,0,0,NA,7.15455,171.7093,11/01/1610,1.48E+23,NA,Secondary,Jupiter,NA,NA,NA,0.6530018684603890,117.54033632287000,1.42778409547379E-05,7.78947368421053E-05,0.007155182055676150,17155713830070088e9
Callisto,FALSE,1882700,0,0,0.007,0.192,1.83,1.235,0,2410.3,0,0,0,NA,16.68902,400.536,07/01/1610,1.08E+23,NA,Secondary,Jupiter,NA,NA,NA,0.3711437297498270,66.80587135496890,1.1981109034281E-05,5.68421052631579E-05,0.012585072175094800,4046697946474468e9
Amalthea,FALSE,181400,181150,182840,0.003,0.38,3.1,0.02,0,84,0,0,0,125 x 73 x 64,0.49818,11.9563,09/09/1892,7.5E+18,NA,Secondary,Jupiter,NA,NA,NA,3.839173098125690,691.0511576626240,1.45516885547054E-08,3.94736842105263E-09,0.001212584103979500,30270944837956404e6
Himalia,FALSE,11461000,9782900,13082000,0.162,27.5,1,0.062,0,85,0,0,0,NA,250.5662,7.7808,03/12/1904,9.5E+18,NA,Secondary,Jupiter,NA,NA,NA,0.060764941977139900,10.937689555885200,1.4900219643955E-08,5E-09,0.07661205300831870,960545316898533e4
Elara,FALSE,11741000,0,0,0.217,26.63,1,0.031,0,40,0,0,0,NA,259.6528,0,02/01/1905,8E+17,NA,Secondary,Jupiter,NA,NA,NA,0.0593119836470488,10.676157056468800,3.29970262011461E-09,4.21052631578947E-10,0.07848373740255380,770759860780489500
Pasiphae,FALSE,23624000,0,0,0.409,151.4,1,0.022,0,18,0,0,0,NA,743.6,0,27/01/1908,3E+17,NA,Secondary,Jupiter,NA,NA,NA,0.029476803250931300,5.305824585167630,6.68189780573209E-10,1.57894736842105E-10,0.15791668617647000,71392676769559070
Sinope,FALSE,23939000,0,0,0.25,158.1,1,0.014,0,14,0,0,0,NA,758.9,0,21/07/1914,8E+16,NA,Secondary,Jupiter,NA,NA,NA,0.02908876728351230,5.235978111032210,4.0421357096404E-10,4.21052631578947E-11,0.16002233111998400,18540321305986716
Lysithea,FALSE,11717000,0,0,0.112,28.3,1,0.013,0,12,0,0,0,NA,259.22,0,06/07/1938,8E+16,NA,Secondary,Jupiter,NA,NA,NA,0.05943108304173420,10.697594947512200,2.96973235810315E-10,4.21052631578947E-11,0.07832330731161940,77392059845774380
Carme,FALSE,23404000,0,0,0.253,164.9,1,0.017,0,15,0,0,0,NA,734.2,0,30/07/1938,1E+17,NA,Secondary,Jupiter,NA,NA,NA,0.02975376004101860,5.355676807383350,4.64020680953617E-10,5.26315789473684E-11,0.15644607700957100,24247060709843932
Ananke,FALSE,21276000,0,0,0.244,148.9,1,0.01,0,10,0,0,0,NA,629.8,0,28/09/1951,4E+16,NA,Secondary,Jupiter,NA,NA,NA,0.032729460424891900,5.891302876480540,2.06231413757163E-10,2.10526315789474E-11,0.14222127561338300,11735978541597322
Leda,FALSE,11165000,0,0,0.164,27.46,1,0.0073,0,5,0,0,0,NA,240.92,0,11/09/1974,6E+17,NA,Secondary,Jupiter,NA,NA,NA,0.062368741603224400,11.226373488580400,5.15578534392908E-11,3.1578947368421E-10,0.0746334152201272,639253440785321500
Thebe,FALSE,221900,218000,226000,0.018,1.08,1,0.02,0,49,0,0,0,58 x 49 x 42,0.6745,16.188,05/03/1979,8E+17,NA,Secondary,Jupiter,NA,NA,NA,3.138310049571880,564.8958089229380,4.95161624430949E-09,4.21052631578947E-10,0.0014833098824313700,21578172532235732e5
Adrastea,FALSE,129000,0,0,0.002,0.054,1,0.002,0,8,0,0,0,10 x 8 x 7,0.29826,0.7158,08/07/1979,2E+15,NA,Secondary,Jupiter,NA,NA,NA,5.398062015503880,971.6511627906980,1.31988104804585E-10,1.05263157894737E-12,8.6231173877263E-04,15962093624181238e3
Metis,FALSE,128000,127974,128026,0.001,0.019,1,0.005,0,22,0,0,0,30 x 20 x 17,0.29478,0.7075,04/03/1979,1E+17,NA,Secondary,Jupiter,NA,NA,NA,5.44034375,979.261875,9.9816004258467E-10,5.26315789473684E-11,8.55627151650361E-04,8106237792968749e5
Callirrhoe,FALSE,24102000,0,0,0.283,147.1,1,0.0031,0,4,0,0,0,NA,758.8,0,06/10/1999,870000000000000,NA,Secondary,Jupiter,NA,NA,NA,0.02889162725085060,5.2004929051531,3.29970262011461E-11,4.57894736842105E-13,0.16111191882091400,198908053353118.12
Themisto,FALSE,7507000,5909000,8874300,0.242,43.08,1,0.0029,0,4,0,0,0,NA,130.02,0,30/09/1975,690000000000000,NA,Secondary,Jupiter,NA,NA,NA,0.09275955774610360,16.696720394298700,3.29970262011461E-11,3.63157894736842E-13,0.05018119552686920,1626131032199085
Megaclite,FALSE,14146700,0,0,0.421,152.8,1,0,0,2.7,0,0,0,NA,752.8,0,23/11/2000,210000000000000,NA,Secondary,Jupiter,NA,NA,NA,0.04922311917266920,8.860161451080460,1.50342700628972E-11,1.10526315789474E-13,0.09456484864259500,139363256461461.95
Taygete,FALSE,23363000,0,0,0.252,165.2,1,0,0,2.5,0,0,0,NA,732.2,0,23/11/2000,160000000000000,NA,Secondary,Jupiter,NA,NA,NA,0.029805440225998400,5.364979240679710,1.28894633598227E-11,8.42105263157895E-14,0.1561720089375580,38931581249098.200
Chaldene,FALSE,23179000,0,0,0.251,165.2,1,0,0,1.9,0,0,0,NA,723.8,0,23/11/2000,75000000000000,NA,Secondary,Jupiter,NA,NA,NA,0.030042016480434900,5.407562966478280,7.4449540366336E-12,3.94736842105263E-14,0.15494204490706000,18540060677313.500
Harpalyke,FALSE,21104000,0,0,0.226,148.6,1,0,0,2.2,0,0,0,NA,623.3,0,23/11/2000,120000000000000,NA,Secondary,Jupiter,NA,NA,NA,0.03299583965125100,5.93925113722517,9.98160042584671E-12,6.31578947368421E-14,0.1410715266283530,35784171647714.80
Kalyke,FALSE,23564000,0,0,0.245,165.2,1,0,0,2.6,0,0,0,NA,743,0,23/11/2000,190000000000000,NA,Secondary,Jupiter,NA,NA,NA,0.02955120522831440,5.319216941096590,1.39412435699842E-11,1E-13,0.15751561094913400,45445914968415.200
Iocaste,FALSE,21272000,0,0,0.216,149.4,1,0,0,2.6,0,0,0,NA,631.5,0,23/11/2000,190000000000000,NA,Secondary,Jupiter,NA,NA,NA,0.03273526701767580,5.892348063181650,1.39412435699842E-11,1E-13,0.1421945372648940,55766865029834.00
Erinome,FALSE,23283000,0,0,0.266,164.9,1,0,0,1.6,0,0,0,NA,728.3,0,23/11/2000,45000000000000,NA,Secondary,Jupiter,NA,NA,NA,0.02990781256710910,5.383406262079630,5.27952419218338E-12,2.36842105263158E-14,0.15563724196777600,11024881144711.100
Isonoe,FALSE,23231000,0,0,0.246,165.2,1,0,0,1.9,0,0,0,NA,725.5,0,23/11/2000,75000000000000,NA,Secondary,Jupiter,NA,NA,NA,0.02997477078042270,5.395458740476090,7.4449540366336E-12,3.94736842105263E-14,0.15528964343741800,18457153858066.500
Praxidike,FALSE,21148000,0,0,0.23,149,1,0,0,3.4,0,0,0,NA,625.3,0,23/11/2000,430000000000000,NA,Secondary,Jupiter,NA,NA,NA,0.032927246075279000,5.926904293550220,2.38403514303281E-11,2.26315789473684E-13,0.1413656484617330,127693599959273.58
Autonoe,FALSE,24033000,0,0,0.334,152.9,1,0.0015,0,2,0,0,0,NA,715.4,0,10/12/2001,90000000000000,NA,Secondary,Jupiter,NA,NA,NA,0.028974493404901600,5.215408812882290,8.24925655028653E-12,4.73684210526316E-14,0.16065068230947800,20695018323092.500
Thyone,FALSE,21192000,0,0,0.229,148.5,1,0.0015,0,2,0,0,0,NA,627.3,0,11/12/2001,90000000000000,NA,Secondary,Jupiter,NA,NA,NA,0.03285881464703660,5.914586636466590,8.24925655028653E-12,4.73684210526316E-14,0.1416597702951130,26615700298452.30
Hermippe,FALSE,21300000,0,0,0.21,150.7,1,0.0015,0,2,0,0,0,NA,633.9,0,19/12/2001,90000000000000,NA,Secondary,Jupiter,NA,NA,NA,0.03269220657277000,5.884597183098590,8.24925655028653E-12,4.73684210526316E-14,0.1423817057043180,26346478873239.400
Aitne,FALSE,23315000,0,0,0.264,165.1,1,0.0012,0,1.5,0,0,0,NA,730.2,0,19/12/2001,45000000000000,NA,Secondary,Jupiter,NA,NA,NA,0.029866759596826100,5.376016727428690,4.64020680953617E-12,2.36842105263158E-14,0.1558511487556890,10994638460686.900
Eurydome,FALSE,23148000,0,0,0.276,150.3,1,0.0012,0,1.5,0,0,0,NA,723.9,0,19/12/2001,45000000000000,NA,Secondary,Jupiter,NA,NA,NA,0.03008223172628310,5.4148017107309500,4.64020680953617E-12,2.36842105263158E-14,0.15473482270627000,11153851166918.100
Euanthe,FALSE,21038000,0,0,0.232,148.9,1,0.0012,0,1.5,0,0,0,NA,620.6,0,11/12/2001,45000000000000,NA,Secondary,Jupiter,NA,NA,NA,0.03309932027759290,5.957877649966730,4.64020680953617E-12,2.36842105263158E-14,0.14063034387828400,13503392486830.50
Euporie,FALSE,19339000,0,0,0.144,145.8,1,0,0,1,0,0,0,NA,553.1,0,11/12/2001,15000000000000,NA,Secondary,Jupiter,NA,NA,NA,0.03600718754847720,6.48129375872589,2.06231413757163E-12,7.89473684210526E-15,0.12927323035754900,5326752409279.86
Orthosie,FALSE,21164000,0,0,0.281,145.9,1,8.1E-04,0,1,0,0,0,NA,622.6,0,11/12/2001,15000000000000,NA,Secondary,Jupiter,NA,NA,NA,0.03290223965223970,5.922403137403140,2.06231413757163E-12,7.89473684210526E-15,0.14147260185568900,4447695349698.750
Sponde,FALSE,23790000,0,0,0.312,151,1,8.1E-04,0,1,0,0,0,NA,748.3,0,19/12/2001,15000000000000,NA,Secondary,Jupiter,NA,NA,NA,0.029270407734342200,5.268673392181590,2.06231413757163E-12,7.89473684210526E-15,0.15902632763876600,3519991815735.310
Kale,FALSE,23302000,0,0,0.26,165,1,8.1E-04,0,1,0,0,0,NA,729.5,0,19/12/2001,15000000000000,NA,Secondary,Jupiter,NA,NA,NA,0.02988340056647500,5.379012101965500,2.06231413757163E-12,7.89473684210526E-15,0.15576424912309900,3668969841652.7800
Pasithee,FALSE,23090000,0,0,0.267,165.1,1,8.1E-04,0,1,0,0,0,NA,716.3,0,11/12/2001,15000000000000,NA,Secondary,Jupiter,NA,NA,NA,0.030157773928107400,5.428399307059330,2.06231413757163E-12,7.89473684210526E-15,0.1543471166531780,3736652161003.6700
Hegemone,FALSE,23566000,0,0,0.328,155.2,1,0,0,2,0,0,0,NA,739.6,0,2003,45000000000000,NA,Secondary,Jupiter,NA,NA,NA,0.029548671815327200,5.318760926758890,8.24925655028653E-12,2.36842105263158E-14,0.1575289801233780,10761679299120.100
Mneme,FALSE,21036000,0,0,0.227,148.6,1,0,0,2,0,0,0,NA,620,0,2003,15000000000000,NA,Secondary,Jupiter,NA,NA,NA,0.03310249096786460,5.958448374215630,8.24925655028653E-12,7.89473684210526E-15,0.14061697470403900,4501986760641.880
Aoede,FALSE,23969000,0,0,0.432,158.3,1,0,0,2,0,0,0,NA,761.5,0,2003,90000000000000,NA,Secondary,Jupiter,NA,NA,NA,0.02905185865075720,5.229334557136300,8.24925655028653E-12,4.73684210526316E-14,0.16022286873365200,20805682049704.00
Thelxinoe,FALSE,21165000,0,0,0.221,151.4,1,0,0,2,0,0,0,NA,628.1,0,2003,15000000000000,NA,Secondary,Jupiter,NA,NA,NA,0.032900732341129200,5.92213182140326,8.24925655028653E-12,7.89473684210526E-15,0.14147928644281200,4447275071855.350
Arche,FALSE,23355000,0,0,0.259,165,1,0.0012,0,1.5,0,0,0,NA,762.7,0,31/10/2002,41500000000000,NA,Secondary,Jupiter,NA,NA,NA,0.029815606936416200,5.3668092485549100,4.64020680953617E-12,2.18421052631579E-14,0.15611853224058000,10104797907402.300
Kallichore,FALSE,23273000,0,0,0.264,165.5,1,0,0,2,0,0,0,NA,764.7,0,2003,15000000000000,NA,Secondary,Jupiter,NA,NA,NA,0.02992068061702400,5.385722511064320,8.24925655028653E-12,7.89473684210526E-15,0.15557039609655400,3678119192135.8900
Helike,FALSE,21064000,0,0,0.156,154.8,1,0,0,4,0,0,0,NA,634.8,0,2003,90000000000000,NA,Secondary,Jupiter,NA,NA,NA,0.03305858336498290,5.950545005696920,3.29970262011461E-11,4.73684210526316E-14,0.14080414314346300,26940155363957.600
Carpo,FALSE,17078000,0,0,0.43,51.4,1,0,0,3,0,0,0,NA,456.1,0,2003,45000000000000,NA,Secondary,Jupiter,NA,NA,NA,0.040774388101651200,7.339389858297220,1.85608272381447E-11,2.36842105263158E-14,0.11415937887410100,20491689851463.200
Eukelade,FALSE,23322000,0,0,0.272,165.5,1,0,0,4,0,0,0,NA,746.4,0,2003,90000000000000,NA,Secondary,Jupiter,NA,NA,NA,0.029857902409741900,5.374422433753540,3.29970262011461E-11,4.73684210526316E-14,0.1558979408655450,21976078924762.200
Cyllene,FALSE,23787000,0,0,0.319,149.3,1,0,0,1,0,0,0,NA,737.8,0,2003,15000000000000,NA,Secondary,Jupiter,NA,NA,NA,0.029274099297935800,5.269337873628450,2.06231413757163E-12,7.89473684210526E-15,0.15900627387740000,3520879749594.610
Kore,FALSE,24486000,0,0,0.325,145,1,0,0,1,0,0,0,NA,779.2,0,2003,15000000000000,NA,Secondary,Jupiter,NA,NA,NA,0.02843841378747040,5.11891448174467,2.06231413757163E-12,7.89473684210526E-15,0.16367880027586500,3322728430568.260
Herse,FALSE,23405000,0,0,0.2,164.2,1,0,0,2,0,0,0,NA,717.3,0,2003,15000000000000,NA,Secondary,Jupiter,NA,NA,NA,0.029751933347575300,5.355348002563560,8.24925655028653E-12,7.89473684210526E-15,0.15645276159669300,3636748319772.2000
S/2003 J 2,FALSE,28332000,0,0,0.38,151.8,1,0,0,1,0,0,0,NA,982.5,0,2003,15000000000000,NA,Secondary,Jupiter,NA,NA,NA,0.024577968374982400,4.424034307496820,2.06231413757163E-12,7.89473684210526E-15,0.1893877223481100,2481853096248.5500
Eupheme,FALSE,20230000,0,0,0.253,148,1,0,0,1,0,0,0,NA,504,0,2003,15000000000000,NA,Secondary,Jupiter,NA,NA,NA,0.03442130499258530,6.195834898665350,2.06231413757163E-12,7.89473684210526E-15,0.13522919748349100,4867867765872.890
S/2003 J 4,FALSE,23928000,0,0,0.204,144.9,1,0,0,1,0,0,0,NA,723.2,0,2003,15000000000000,NA,Secondary,Jupiter,NA,NA,NA,0.02910159645603480,5.2382873620862600,2.06231413757163E-12,7.89473684210526E-15,0.15994880066163900,3479507185883.960
Eirene,FALSE,23493000,0,0,0.22,163.1,1,0,0,2,0,0,0,NA,759.7,0,2003,90000000000000,NA,Secondary,Jupiter,NA,NA,NA,0.029640488656195500,5.335287958115180,8.24925655028653E-12,4.73684210526316E-14,0.1570410052634530,21657325846980.00
S/2003 J 9,FALSE,23385000,0,0,0.269,164.5,1,0,0,0.5,0,0,0,NA,683,0,2003,1500000000000,NA,Secondary,Jupiter,NA,NA,NA,0.029777314517853300,5.359916613213600,5.15578534392908E-13,7.89473684210526E-16,0.15631906985424800,364297163126.6950
S/2003 J 10,FALSE,23042000,0,0,0.214,164.1,1,0,0,1,0,0,0,NA,767,0,2003,15000000000000,NA,Secondary,Jupiter,NA,NA,NA,0.030220597170384500,5.439707490669210,2.06231413757163E-12,7.89473684210526E-15,0.15402625647131000,3752236408909.190
S/2003 J 12,FALSE,17835000,0,0,0.376,145.8,1,0,0,0.5,0,0,0,NA,533.3,0,2003,1000000000000,NA,Secondary,Jupiter,NA,NA,NA,0.03904359405663020,7.02784693019344,5.15578534392908E-13,5.26315789473684E-16,0.11921961132565800,417535158791.7430
Philophrosyne,FALSE,22622000,0,0,0.194,143.6,1,0,0,1,0,0,0,NA,668.4,0,2003,15000000000000,NA,Secondary,Jupiter,NA,NA,NA,0.03078167270798340,5.540701087437010,2.06231413757163E-12,7.89473684210526E-15,0.1512187298799570,3892857815891.4100
S/2003 J 16,FALSE,20948000,0,0,0.23,148.5,1,0,0,1,0,0,0,NA,595.4,0,2003,15000000000000,NA,Secondary,Jupiter,NA,NA,NA,0.03324150276876070,5.983470498376930,2.06231413757163E-12,7.89473684210526E-15,0.14002873103727900,4539890806477.560
S/2003 J 18,FALSE,20494000,0,0,0.105,146.4,1,0,0,1,0,0,0,NA,606.3,0,2003,15000000000000,NA,Secondary,Jupiter,NA,NA,NA,0.033977895969552100,6.116021274519370,2.06231413757163E-12,7.89473684210526E-15,0.13699392848377000,4743261562372.220
S/2003 J 19,FALSE,23532000,0,0,0.334,162.9,1,0,0,1,0,0,0,NA,701.3,0,2003,15000000000000,NA,Secondary,Jupiter,NA,NA,NA,0.02959132245453,5.3264380418154000,2.06231413757163E-12,7.89473684210526E-15,0.15730170416122100,3597599865748.5800
S/2003 J 23,FALSE,23549000,0,0,0.309,149.2,1,8.1E-04,0,1,0,0,0,NA,759.7,0,2003,15000000000000,NA,Secondary,Jupiter,NA,NA,NA,0.02956996050787720,5.322592891417890,2.06231413757163E-12,7.89473684210526E-15,0.15741534214230000,3592407532967.120
Mimas,FALSE,185539,181770,189270,0.0202,1.53,1.15,0,0,396.4,0,0,0,415x394x381,0.94,22.56,17/09/1789,3.79E+19,NA,Secondary,Saturn,NA,NA,NA,3.7552126507095500,675.9382771277200,3.24057524886478E-07,1.99473684210526E-08,0.0012402516100785700,14622043298592274e7
Enceladus,FALSE,238037,236830,239066,0.0045,0,1.61,0,0,504.2,0,0,0,NA,1.37,32.88,28/08/1789,1.08E+20,NA,Secondary,Saturn,NA,NA,NA,2.9274700991862600,526.9446178535270,5.24276632992096E-07,5.68421052631579E-08,0.001591179064823410,25314776525314367e7
Tethys,FALSE,294672,294589,294648,0,1.86,0.985,0,0,1066,0,0,0,NA,1.89,45.312,21/03/1684,6.18E+20,NA,Secondary,Saturn,NA,NA,NA,2.3667263940924100,426.0107509366350,2.34352304411435E-06,3.25263157894737E-07,0.0019697606564930900,9452572397181888e8
Dione,FALSE,377415,376580,378260,0.0022,0.02,1.48,0,0,1123.4,0,0,0,NA,2.74,0,21/03/1684,1.1E+21,NA,Secondary,Saturn,NA,NA,NA,1.8480065710159900,332.6411827828780,2.60269727899303E-06,5.78947368421053E-07,0.0025228634487509500,10256369305893162e8
Rhea,FALSE,527068,526543,527597,0.001,0.35,1.24,0,0,1528.6,0,0,0,NA,4.518,108.432,23/12/1672,2.3E+21,NA,Secondary,Saturn,NA,NA,NA,1.3240617908884600,238.3311223599230,4.81884025301179E-06,1.21052631578947E-06,0.003523231965359790,10995976817344066e8
Titan,FALSE,1221865,1186680,1257060,0.0292,0.33,1.88,0,0,2575,0,0,0,NA,15.95,382.8,25/03/1655,1.35E+23,NA,Secondary,Saturn,NA,NA,NA,0.5720083642628280,102.96150556730900,1.36744316784359E-05,7.10526315789474E-05,0.008167663044150530,12009546215458244e9
Hyperion,FALSE,1500934,1466112,1535756,0.1042,0.43,0.55,0,0,266,0,0,0,328x260x214,21.28,0,16/09/1848,5.6E+18,NA,Secondary,Saturn,NA,NA,NA,0.46411634355674500,83.54094184021420,1.45921099118018E-07,2.94736842105263E-09,0.010033124087774900,3301445364468039e5
Iapetus,FALSE,3560851,3460068,3661612,0.0283,14.72,1.09,0,0,1471.2,0,0,0,NA,79.33,1735.92,25/10/1671,1.81E+21,NA,Secondary,Saturn,NA,NA,NA,0.19596809863709500,35.27425775467720,4.46373343388825E-06,9.52631578947368E-07,0.02380281873891670,18958774048654147e6
Phoebe,FALSE,12947913,0,0,0.164,174.8,1.64,0,0,214.4,0,0,0,230x220x210,548.2,9.2736,17/03/1899,8.29E+18,NA,Secondary,Saturn,NA,NA,NA,0.053796808798452700,9.683425583721490,9.47991363948448E-08,4.36315789473684E-09,0.0865514525000522,6567412028370339e3
Janus,FALSE,151460,0,0,0.007,0.14,0.63,0,0,33,0,0,0,195x194x152,0.7,0,15/12/1966,1.9E+18,NA,Secondary,Saturn,NA,NA,NA,4.597748580483300,827.5947444869930,2.24586009581551E-09,1E-09,0.0010124475655387800,11000108648025366e6
Epimetheus,FALSE,151410,0,0,0.009,0.34,0.64,0,0,113.4,0,0,0,116x117x106,0.69,0,18/12/1966,5.3E+17,NA,Secondary,Saturn,NA,NA,NA,4.599797899742420,827.9636219536360,2.65204523909507E-08,2.78947368421053E-10,0.0010121133361826700,3070478278677929e6
Helene,FALSE,377420,0,0,0.005,0,1.3,0,0,33,0,0,0,39x37x25,2.74,0,01/03/1980,2.4E+16,NA,Secondary,Saturn,NA,NA,NA,1.845092999841030,332.1167399713850,2.24586009581551E-09,1.26315789473684E-11,0.002522896871686560,2237694012698568e4
Telesto,FALSE,294710,0,0,0.001,1.158,1,0,0,33,0,0,0,30x23x14,1.89,0,08/04/1980,1E+16,NA,Secondary,Saturn,NA,NA,NA,2.3629160870007800,425.3248956601410,2.24586009581551E-09,5.26315789473684E-12,0.0019700146708037300,15291480451499518e3
Calypso,FALSE,294710,0,0,0.001,1.473,1,0,0,33,0,0,0,31x24x21,1.89,0,13/03/1980,6.5E+15,NA,Secondary,Saturn,NA,NA,NA,2.3629160870007800,425.3248956601410,2.24586009581551E-09,3.42105263157895E-12,0.0019700146708037300,9939462293474687e3
Atlas,FALSE,137670,0,0,0,0.3,0.5,0,0,33,0,0,0,42x36x18,0.602,0,12/11/1980,7E+15,NA,Secondary,Saturn,NA,NA,NA,5.0582915667901500,910.4924820222270,2.24586009581551E-09,3.68421052631579E-12,9.20267109122697E-04,4905222299323354e4
Prometheus,FALSE,139380,0,0,0.00204,0,0.48,0,0,33,0,0,0,133x79x61,0.613,0,??/10/1980,1.6E+17,NA,Secondary,Saturn,NA,NA,NA,4.996233318984070,899.321997417133,2.24586009581551E-09,8.42105263157895E-11,9.31697753101776E-04,10938514353409923e5
Pandora,FALSE,141720,0,0,0.0042,0,0.49,0,0,33,0,0,0,103x80x64,0.629,0,??/10/1980,1.4E+17,NA,Secondary,Saturn,NA,NA,NA,4.913738357324300,884.4729043183740,2.24586009581551E-09,7.36842105263158E-11,9.47339686967884E-04,9257741011622142e5
Pan,FALSE,133580,0,0,0,0,0.42,0,0,33,0,0,0,35x32x21,0.575,0,22/08/1981,4.95E+15,NA,Secondary,Saturn,NA,NA,NA,5.213168138942960,938.370265009732,2.24586009581551E-09,2.60526315789474E-12,8.92927147792619E-04,36843561039565943e3
Ymir,FALSE,23140400,0,0,0.187,167.9,1,0,0,9,0,0,0,NA,1315.4,0,07/08/2000,3.97E+15,NA,Secondary,Saturn,NA,NA,NA,0.030092435740090900,5.416638433216370,1.67047445143302E-10,2.08947368421053E-12,0.15468401984414100,984664004048878.4
Paaliaq,FALSE,15024000,6908035,23139965,0.364,47.2,1,0,0,10,0,0,0,NA,686.9,0,07/08/2000,7.25E+15,NA,Secondary,Saturn,NA,NA,NA,0.0463493077742279,8.342875399361020,2.06231413757163E-10,3.81578947368421E-12,0.10042923692496100,4265855453071323
Tarvos,FALSE,18263200,0,0,0.531,33.8,1,0,0,7,0,0,0,NA,926.2,0,23/09/2000,2.3E+15,NA,Secondary,Saturn,NA,NA,NA,0.03812853169214600,6.863135704586270,1.0105339274101E-10,1.21052631578947E-12,0.12208195153141300,915826834475457.4
Ijiraq,FALSE,11367400,0,0,0.316,49.1,1,0,0,5,0,0,0,NA,451.4,0,23/09/2000,1.18E+15,NA,Secondary,Saturn,NA,NA,NA,0.06125824726850470,11.02648450833080,5.15578534392908E-11,6.21052631578947E-13,0.07598637565367430,1212827403880459.5
Suttungr,FALSE,19476700,0,0,0.114,175.8,1,0,0,3,0,0,0,NA,1016.7,0,23/09/2000,230000000000000,NA,Secondary,Saturn,NA,NA,NA,0.03575271991661830,6.435489584991300,1.85608272381447E-11,1.21052631578947E-13,0.13019369800428600,80526044180309.10
Kiviuq,FALSE,11311100,0,0,0.334,48.7,1,0,0,7,0,0,0,NA,449.2,0,07/08/2000,2.79E+15,NA,Secondary,Saturn,NA,NA,NA,0.06156333159462830,11.081399687033100,1.0105339274101E-10,1.46842105263158E-12,0.07561003339869060,2896235003851663
Mundilfari,FALSE,18667900,0,0,0.21,169.4,1,0,0,3,0,0,0,NA,952.6,0,23/09/2000,230000000000000,NA,Secondary,Saturn,NA,NA,NA,0.03730173184985990,6.714311732974790,1.85608272381447E-11,1.21052631578947E-13,0.12478720393979500,87654896878424.10
Albiorix,FALSE,16401100,0,0,0.469,34,1,0,0,13,0,0,0,NA,783.5,13.32,09/11/2000,2.23E+16,NA,Secondary,Saturn,NA,NA,NA,0.042457822950899600,7.642408131161930,3.48531089249606E-10,1.17368421052632E-11,0.10963458185103700,11010275564898812
Skathi,FALSE,15614300,0,0,0.27,148.5,1,0,0,3,0,0,0,NA,728.2,0,23/09/2000,350000000000000,NA,Secondary,Saturn,NA,NA,NA,0.04459661976521520,8.02739155773874,1.85608272381447E-11,1.84210526315789E-13,0.10437514870323600,190661183506169.72
Erriapus,FALSE,17611400,0,0,0.474,34.6,1,0,0,4,0,0,0,NA,871.2,0,23/09/2000,680000000000000,NA,Secondary,Saturn,NA,NA,NA,0.03953950282203570,7.117110507966430,3.29970262011461E-11,3.57894736842105E-13,0.11772493764511900,291179254091110.7
Siarnaq,FALSE,18015400,0,0,0.295,45.6,1,0,0,16,0,0,0,NA,895.6,0,23/09/2000,4.35E+16,NA,Secondary,Saturn,NA,NA,NA,0.03865348535142160,6.957627363255880,5.27952419218338E-10,2.28947368421053E-11,0.12042551084251500,17800849035941718
Thrymr,FALSE,20439600,0,0,0.47,175,1,0,0,3,0,0,0,NA,1094.3,0,23/09/2000,230000000000000,NA,Secondary,Saturn,NA,NA,NA,0.03406842599659490,6.132316679387070,1.85608272381447E-11,1.21052631578947E-13,0.13663028694431800,73117667691422.90
Narvi,FALSE,19417300,0,0,0.431,145.8,1,0,0,3,0,0,0,NA,1003.9,0,05/02/2003,230000000000000,NA,Secondary,Saturn,NA,NA,NA,0.03586209205193310,6.455176569347950,1.85608272381447E-11,1.21052631578947E-13,0.1297966335292230,81019476666392.00
Methone,FALSE,194440,194421,194459,0,0,1,0,0,1.6,0,0,0,NA,1.01,0,01/06/2004,20000000000000,NA,Secondary,Saturn,NA,NA,NA,3.5812775149146300,644.6299526846330,5.27952419218338E-12,1.05263157894737E-14,0.0012997511200538800,70258366713118830
Pallene,FALSE,212280,0,0,0,0,1,0,0,33,0,0,0,5x4x4,1.14,0,01/06/2004,60000000000000,NA,Secondary,Saturn,NA,NA,NA,3.280455059355570,590.4819106840020,2.24586009581551E-09,3.1578947368421E-14,0.0014190041543151500,176836687532481340
Polydeuces,FALSE,377200,0,0,0,0,1,0,0,2,0,0,0,3x2x2,2.74,0,21/10/2004,10000000000000,NA,Secondary,Saturn,NA,NA,NA,1.846086956521740,332.295652173913,8.24925655028653E-12,5.26315789473684E-15,0.0025214262625196600,9334604255950808
Daphnis,FALSE,136500,0,0,0,0,0.34,0,0,33,0,0,0,9x8x6,0.594,0,01/05/2009,100000000000000,NA,Secondary,Saturn,NA,NA,NA,5.101648351648350,918.2967032967030,2.24586009581551E-09,5.26315789473684E-14,9.12446142189643E-04,712810315447678e3
Aegir,FALSE,20749800,0,0,0.252,166.7,1,0,0,3,0,0,0,NA,1116.5,0,12/12/2004,150000000000000,NA,Secondary,Saturn,NA,NA,NA,0.033559118642107400,6.040641355579330,1.85608272381447E-11,7.89473684210526E-14,0.1387038458696460,46270341801680.70
Bebhionn,FALSE,17117800,0,0,0.469,35,1,0,0,3,0,0,0,NA,834.8,0,12/12/2004,150000000000000,NA,Secondary,Saturn,NA,NA,NA,0.04067958499339870,7.322325298811760,1.85608272381447E-11,7.89473684210526E-14,0.11442542544156700,67988372002407.70
Bergelmir,FALSE,19338300,0,0,0.142,158.5,1,0,0,3,0,0,0,NA,1005.9,0,12/12/2004,150000000000000,NA,Secondary,Saturn,NA,NA,NA,0.036008594343866800,6.48154698189603,1.85608272381447E-11,7.89473684210526E-14,0.12926855114656400,53271380475388.60
Bestla,FALSE,20278000,0,0,0.521,145.2,1,0,0,3,0,0,0,NA,1083.6,0,13/12/2004,230000000000000,NA,Secondary,Saturn,NA,NA,NA,0.03433992504191740,6.1811865075451200,1.85608272381447E-11,1.21052631578947E-13,0.13555005766536000,74287693981947.60
Farbauti,FALSE,20387000,0,0,0.206,156.4,1,0,0,3,0,0,0,NA,1086.1,0,12/12/2004,90000000000000,NA,Secondary,Saturn,NA,NA,NA,0.03415632510913820,6.148138519644870,1.85608272381447E-11,4.73684210526316E-14,0.1362786776616870,28759090160358.600
Fenrir,FALSE,22454800,0,0,0.136,164.9,1,0,0,2,0,0,0,NA,1260.3,0,13/12/2004,50000000000000,NA,Secondary,Saturn,NA,NA,NA,0.031010919714270400,5.5819655485686800,8.24925655028653E-12,2.63157894736842E-14,0.1501010669131140,13170155435062.800
Fornjot,FALSE,25151200,0,0,0.206,170.4,1,0,0,3,0,0,0,NA,1490.9,0,12/12/2004,150000000000000,NA,Secondary,Saturn,NA,NA,NA,0.0276863529374344,4.983543528738190,1.85608272381447E-11,7.89473684210526E-14,0.16812538762959800,31492933518069.400
Hati,FALSE,19775000,0,0,0.372,165.8,1,0,0,3,0,0,0,NA,1038.7,0,12/12/2004,150000000000000,NA,Secondary,Saturn,NA,NA,NA,0.0352134007585335,6.3384121365360300,1.85608272381447E-11,7.89473684210526E-14,0.13218771034285900,50944529240939.10
Hyrrokkin,FALSE,18437300,0,0,0.333,151.4,1,0,0,4,0,0,0,NA,931.8,0,12/12/2004,350000000000000,NA,Secondary,Saturn,NA,NA,NA,0.03776832833440910,6.7982991001936300,3.29970262011461E-11,1.84210526315789E-13,0.12324573814940000,136745385048970.97
Kari,FALSE,22077100,0,0,0.478,156.3,1,0,0,3,0,0,0,NA,1233.6,0,12/12/2004,230000000000000,NA,Secondary,Saturn,NA,NA,NA,0.03154150681022420,5.677471225840350,1.85608272381447E-11,1.21052631578947E-13,0.1475762983570330,62673372510071.40
Loge,FALSE,23065500,0,0,0.335,173.1,1,0,0,3,0,0,0,NA,1312,0,13/12/2004,150000000000000,NA,Secondary,Saturn,NA,NA,NA,0.030189893997528800,5.43418091955518,1.85608272381447E-11,7.89473684210526E-14,0.15418334426868300,37445944643337.70
Skoll,FALSE,17663300,0,0,0.464,161.2,1,0,0,3,0,0,0,NA,878.3,0,12/12/2004,150000000000000,NA,Secondary,Saturn,NA,NA,NA,0.039423267452854200,7.09618814151376,1.85608272381447E-11,7.89473684210526E-14,0.11807186771676400,63853814660109.50
Surtur,FALSE,22920400,0,0,0.451,177.5,1,0,0,3,0,0,0,NA,1297.7,0,12/12/2004,150000000000000,NA,Secondary,Saturn,NA,NA,NA,0.030381014292944300,5.46858257272997,1.85608272381447E-11,7.89473684210526E-14,0.1532134106772420,37921556320557.800
Anthe,FALSE,197700,0,0,0.001,0.1,1,0,0,1,0,0,0,NA,1.04,0,30/05/2007,5000000000000,NA,Secondary,Saturn,NA,NA,NA,3.522220536165910,633.9996965098640,2.06231413757163E-12,2.63157894736842E-15,0.0013215428740724700,16990100367683084
Jarnsaxa,FALSE,19356400,0,0,0.216,163.3,1,0,0,3,0,0,0,NA,964.7,0,05/01/2006,100000000000000,NA,Secondary,Saturn,NA,NA,NA,0.03597492302287620,6.475486144117710,1.85608272381447E-11,5.26315789473684E-14,0.12938954217347700,35447866569085.90
Greip,FALSE,18442200,0,0,0.326,179.8,1,0,0,3,0,0,0,NA,921.2,0,05/01/2006,150000000000000,NA,Secondary,Saturn,NA,NA,NA,0.03775823925562030,6.796483066011650,1.85608272381447E-11,7.89473684210526E-14,0.12327849262629900,58574026961600.70
Tarqeq,FALSE,17909900,0,0,0.16,46.1,1,0,0,3,0,0,0,NA,887.5,0,05/01/2006,230000000000000,NA,Secondary,Saturn,NA,NA,NA,0.03888045159381130,6.998481286886020,1.85608272381447E-11,1.21052631578947E-13,0.11972028690111600,95231536796871.3
Aegaeon,FALSE,167500,0,0,2E-04,0.001,1,0,0,0.5,0,0,0,NA,0.808,19.63,15/08/2008,100000000000,NA,Secondary,Saturn,NA,NA,NA,4.157268656716420,748.3083582089550,5.15578534392908E-13,5.26315789473684E-17,0.0011196683429799600,473379728224548.9
S/2004 S 7,FALSE,21005800,0,0,0.58,165.1,1,0,0,3,0,0,0,NA,1103,0,12/12/2004,150000000000000,NA,Secondary,Saturn,NA,NA,NA,0.03315012996410520,5.967023393538930,1.85608272381447E-11,7.89473684210526E-14,0.14041510017294700,45149410623006.900
S/2004 S 12,FALSE,19867500,0,0,0.401,164,1,0,0,3,0,0,0,NA,1048,0,12/12/2004,90000000000000,NA,Secondary,Saturn,NA,NA,NA,0.03504945262363160,6.30890147225368,1.85608272381447E-11,4.73684210526316E-14,0.13280603465166800,30282752339572.40
S/2004 S 13,FALSE,18408700,0,0,0.273,167.4,1,0,0,3,0,0,0,NA,906,0,12/12/2004,150000000000000,NA,Secondary,Saturn,NA,NA,NA,0.03782695138711590,6.808851249680860,1.85608272381447E-11,7.89473684210526E-14,0.12305455895770300,58787405997392.200
S/2004 S 17,FALSE,19449900,0,0,0.259,166.6,1,0,0,2,0,0,0,NA,986,0,13/12/2004,50000000000000,NA,Secondary,Saturn,NA,NA,NA,0.035801932143610000,6.444347785849800,8.24925655028653E-12,2.63157894736842E-14,0.13001455106940900,17553937086431.40
S/2006 S 1,FALSE,18797400,0,0,0.13,154.2,1,0,0,3,0,0,0,NA,970,0,04/01/2006,100000000000000,NA,Secondary,Saturn,NA,NA,NA,0.03704475086980110,6.668055156564210,1.85608272381447E-11,5.26315789473684E-14,0.12565285797212900,37587523489714.5
S/2006 S 3,FALSE,22100100,0,0,0.471,150.8,1,0,0,3,0,0,0,NA,1142,0,05/01/2006,150000000000000,NA,Secondary,Saturn,NA,NA,NA,0.031508680956194800,5.671562572115060,1.85608272381447E-11,7.89473684210526E-14,0.14773004386084500,40788906272652.90
S/2007 S 2,FALSE,16723300,0,0,0.218,176.7,1,0,0,3,0,0,0,NA,800,0,01/05/2007,150000000000000,NA,Secondary,Saturn,NA,NA,NA,0.04163920996454050,7.495057793617290,1.85608272381447E-11,7.89473684210526E-14,0.1117883558218320,71233876083028.00
S/2007 S 3,FALSE,18981900,0,0,0.13,177.2,1,0,0,3,0,0,0,NA,1100,0,01/05/2007,150000000000000,NA,Secondary,Saturn,NA,NA,NA,0.03668468383038580,6.6032430894694400,1.85608272381447E-11,7.89473684210526E-14,0.1268861642961870,55290583794420.10
S/2009 S 1,FALSE,117000,0,0,0,0,1,0,0,0.3,0,0,0,NA,0.4715,0,26/07/2009,100000000000,NA,Secondary,Saturn,NA,NA,NA,5.95164358974359,1071.2958461538500,1.85608272381447E-13,5.26315789473684E-17,7.82096693305408E-04,970214040470450.6
Ariel,FALSE,190900,190670,191130,0.0012,0.04,1.59,0,0,581.1,0,0,0,NA,2.52038,60.4891,24/10/1851,1.29E+21,NA,Secondary,Uranus,NA,NA,NA,3.650723415400730,657.1302147721320,6.96396484118745E-07,6.78947368421053E-07,0.0012760876816410500,47012909816778664e8
Umbriel,FALSE,266000,265100,267500,0.0039,0.13,1.46,0,0,584.7,0,0,0,NA,4.14418,99.499,24/10/1851,1.22E+21,NA,Secondary,Uranus,NA,NA,NA,2.6200251879699200,471.60453383458600,7.05051769076437E-07,6.42105263157895E-07,0.0017781001745234100,2290001865566171e9
Titania,FALSE,436300,435800,436800,0.0011,0.08,1.66,0,0,788.9,0,0,0,NA,8.7058700000000000,208.9408,11/01/1787,3.42E+21,NA,Secondary,Uranus,NA,NA,NA,1.5978246619298600,287.6084391473760,1.28350844668746E-06,1.8E-06,0.002916485361445720,23861347130236766e8
Oberon,FALSE,583500,582702,584336,0.0014,0.07,1.56,0,0,761.4,0,0,0,NA,13.46323,323.1176,11/01/1787,2.88E+21,NA,Secondary,Uranus,NA,NA,NA,1.1946930591259600,215.04475064267400,1.19558529248184E-06,1.51578947368421E-06,0.0039004565858436400,11234404213559254e8
Miranda,FALSE,129900,129703,130041,0.0013,4.34,1.2,0,0,240,0,0,0,NA,1.41348,33.9235,16/02/1948,6.6E+19,NA,Secondary,Uranus,NA,NA,NA,5.362448036951500,965.2406466512700,1.18789294324126E-07,3.47368421052632E-08,8.68327867182671E-04,51947531144049335e7
Cordelia,FALSE,49800,0,0,3E-04,0.08,1,0,0,20,0,0,0,NA,0.33503,0,20/01/1986,4.5E+16,NA,Secondary,Uranus,NA,NA,NA,13.983172690763100,2516.971084337350,8.24925655028653E-10,2.36842105263158E-11,3.32892438688969E-04,240986717956162e7
Ophelia,FALSE,53800,0,0,0.0099,0.1,1,0,0,21,0,0,0,NA,0.3764,0,20/01/1986,5.4E+16,NA,Secondary,Uranus,NA,NA,NA,12.943550185873600,2329.839033457250,9.0948053466909E-10,2.84210526315789E-11,3.59630787178042E-04,24778127720733543e5
Bianca,FALSE,59200,0,0,9E-04,0.19,1,0,0,27,0,0,0,NA,0.43458,0,23/01/1986,9.2E+16,NA,Secondary,Uranus,NA,NA,NA,11.762989864864900,2117.3381756756800,1.50342700628972E-09,4.84210526315789E-11,3.95727557638292E-04,34864520178962745e5
Cressida,FALSE,61800,0,0,4E-04,0.01,1,0,0,41,0,0,0,NA,0.46357,0,09/01/1986,3.4E+17,NA,Secondary,Uranus,NA,NA,NA,11.268333333333300,2028.3,3.46675006525792E-09,1.78947368421053E-10,4.1310748415619E-04,1.1823369047245E+22
Desdemona,FALSE,62700,0,0,1E-04,0.11,1,0,0,35,0,0,0,NA,0.47365,0,13/01/1986,1.8E+17,NA,Secondary,Uranus,NA,NA,NA,11.106491228070200,1999.1684210526300,2.52633481852525E-09,9.47368421052632E-11,4.19123612566232E-04,6081023786085483e6
Juliet,FALSE,64400,0,0,7E-04,0.07,1,0,0,53,0,0,0,NA,0.49307,0,03/01/1986,5.6E+17,NA,Secondary,Uranus,NA,NA,NA,10.813586956521700,1946.445652173910,5.79304041243872E-09,2.94736842105263E-10,4.30487410674088E-04,17933108290575208e6
Portia,FALSE,66100,0,0,1E-04,0.06,1,0,0,70,0,0,0,NA,0.5132,0,03/01/1986,1.7E+18,NA,Secondary,Uranus,NA,NA,NA,10.53573373676250,1896.4320726172500,1.0105339274101E-08,8.94736842105263E-10,4.41851208781944E-04,5167557064091677e7
Rosalind,FALSE,69900,0,0,1E-04,0.28,1,0,0,36,0,0,0,NA,0.55846,0,13/01/1986,2.5E+16,NA,Secondary,Uranus,NA,NA,NA,9.962489270386270,1793.2480686695300,2.67275912229284E-09,1.31578947368421E-11,4.67252639846564E-04,6795555064357215e5
Belinda,FALSE,75300,0,0,1E-04,0.03,1,0,0,45,0,0,0,NA,0.62353,0,13/01/1986,4.9E+17,NA,Secondary,Uranus,NA,NA,NA,9.24816733067729,1664.6701195219100,4.17618612858256E-09,2.57894736842105E-10,5.03349410306814E-04,11477449917020716e6
Puck,FALSE,86000,0,0,1E-04,0.32,1,0,0,81,0,0,0,NA,0.76183,0,30/12/1985,2.9E+18,NA,Secondary,Uranus,NA,NA,NA,8.097941860465120,1457.629534883720,1.35308430566075E-08,1.52631578947368E-09,5.74874492515086E-04,5207633044889129e7
Caliban,FALSE,7231100,0,0,0.1812,141.53,1,0,0,36,0,0,0,NA,-579.5,0,06/09/1997,2.5E+17,NA,Secondary,Uranus,NA,NA,NA,0.09630319038597170,17.334574269474900,2.67275912229284E-09,1.31578947368421E-10,0.04833691793983540,634995360797789300
Sycorax,FALSE,12179400,0,0,0.5219,159.42,1,0,0,75,0,0,0,NA,-1283.4,0,06/09/1997,2.3E+18,NA,Secondary,Uranus,NA,NA,NA,0.05717991034041090,10.292383861274000,1.16005170238404E-08,1.21052631578947E-09,0.08141426039695630,2059279645559888400
Prospero,FALSE,16276800,0,0,0.4445,151.83,1,0,0,25,0,0,0,NA,-1977.3,0,18/07/1999,8.5E+16,NA,Secondary,Uranus,NA,NA,NA,0.04278279514400870,7.700903125921560,1.28894633598227E-09,4.47368421052632E-11,0.10880368767173900,42610845344912736
Setebos,FALSE,17420400,0,0,0.5908,158.24,1,0,0,24,0,0,0,NA,-2234.8,0,18/07/1999,7.5E+16,NA,Secondary,Uranus,NA,NA,NA,0.03997416821657370,7.195350278983260,1.18789294324126E-09,3.94736842105263E-11,0.11644818150476500,32823455254447828
Stephano,FALSE,8007400,0,0,0.2248,143.82,1,0,0,16,0,0,0,NA,-676.5,0,18/07/1999,2.2E+16,NA,Secondary,Uranus,NA,NA,NA,0.08696430801508610,15.65357544271550,5.27952419218338E-10,1.15789473684211E-11,0.05352616292285240,45569987781782904
Trinculo,FALSE,8505200,0,0,0.2194,166.93,1,0,0,9,0,0,0,NA,-758.1,0,13/08/2001,3.9E+15,NA,Secondary,Uranus,NA,NA,NA,0.08187355970465130,14.737240746837200,1.67047445143302E-10,2.05263157894737E-12,0.05685375039231760,7160359454783080
Francisco,FALSE,4282900,0,0,0.1324,147.25,1,0,0,11,0,0,0,NA,-266.6,0,13/08/2001,7.2E+15,NA,Secondary,Uranus,NA,NA,NA,0.1625891335310190,29.266044035583400,2.49540010646168E-10,3.78947368421053E-12,0.028629418185963500,52130982077002424
Margaret,FALSE,23808000,0,0,0.6772,57.37,1,0,0,10,0,0,0,NA,1694.8,0,29/08/2003,5.4E+15,NA,Secondary,Uranus,NA,NA,NA,0.029248655913978500,5.264758064516130,2.06231413757163E-10,2.84210526315789E-12,0.15914665020696700,1265281653429045.2
Ferdinand,FALSE,20430000,0,0,0.3993,169.79,1,0,0,10,0,0,0,NA,-2823.4,0,13/08/2001,5.4E+15,NA,Secondary,Uranus,NA,NA,NA,0.03408477728830150,6.1352599118942700,2.06231413757163E-10,2.84210526315789E-12,0.13656611490794400,1718289377502636
Perdita,FALSE,76417,0,0,0,0.47,1,0,0,13,0,0,0,NA,0.638,0,18/01/1986,1.8E+19,NA,Secondary,Uranus,NA,NA,NA,9.112566575500220,1640.2619835900400,3.48531089249606E-10,9.47368421052632E-09,5.10816094122388E-04,4.09384896158532E+23
Mab,FALSE,97736,0,0,0,0.13,1,0,0,12,0,0,0,NA,0.923,0,25/08/2003,1E+16,NA,Secondary,Uranus,NA,NA,NA,7.124846525333550,1282.4723745600400,2.96973235810315E-10,5.26315789473684E-12,6.53324806982029E-04,1390369259034109e5
Cupid,FALSE,74392,0,0,0,0.1,1,0,0,9,0,0,0,NA,0.613,0,25/08/2003,3.8E+15,NA,Secondary,Uranus,NA,NA,NA,9.360562963759550,1684.901333476720,1.67047445143302E-10,2E-12,4.97279805199794E-04,9119486944591079e4
Triton,FALSE,354759,354753,354765,2E-05,157.345,2.05,0.78,0,1353.4,0,0,0,NA,5.87685,141.0444,10/10/1846,2.14E+22,NA,Secondary,Neptune,NA,NA,NA,1.9666742774672400,354.0013699441030,3.77752339985864E-06,1.12631578947368E-05,0.002371417442908830,22583237819212137e9
Nereid,FALSE,5513818,1372000,9655000,0.7512,7.23,1,0.071,0,170,0,0,0,NA,360.13619,0,01/05/1949,3E+19,NA,Secondary,Neptune,NA,NA,NA,0.12632118071361800,22.737812528451200,5.96008785758202E-08,1.57894736842105E-08,0.03685759679733200,13105562919302467e4
Naiad,FALSE,48227,0,0,3E-04,4.74,1,0.01,0,33,0,0,0,48 x 30 x 26,0.2944,0,18/09/1989,2E+17,NA,Secondary,Neptune,NA,NA,NA,14.439525576959000,2599.114603852610,2.24586009581551E-09,1.05263157894737E-10,3.2237758314564E-04,11420596299279253e6
Thalassa,FALSE,50074,0,0,2E-04,0.21,1,0.013,0,33,0,0,0,54 x 50 x 26,0.31149,0,18/09/1989,4E+17,NA,Secondary,Neptune,NA,NA,NA,13.906917761712700,2503.2451971082800,2.24586009581551E-09,2.10526315789474E-10,3.3472401556047E-04,21187255315701476e6
Despina,FALSE,52526,0,0,1E-04,0.07,1,0.023,0,33,0,0,0,90 x 74 x 64,0.33466,0,28/07/1989,2E+18,NA,Secondary,Neptune,NA,NA,NA,13.257719986292500,2386.3895975326500,2.24586009581551E-09,1.05263157894737E-09,3.51114623184272E-04,9627657138400342e7
Galatea,FALSE,61953,0,0,1E-04,0.05,1,0.03,0,33,0,0,0,102 x 92 x 72,0.42875,0,28/07/1989,2E+18,NA,Secondary,Neptune,NA,NA,NA,11.240375768727900,2023.2676383710200,2.24586009581551E-09,1.05263157894737E-09,4.14130225985897E-04,6920613435866063e7
Larissa,FALSE,73548,0,0,0.0014,0.2,1,0.034,0,33,0,0,0,108 x 102 x 84,0.55465,0,24/05/1981,5E+18,NA,Secondary,Neptune,NA,NA,NA,9.468306412139010,1704.295154185020,2.24586009581551E-09,2.63157894736842E-09,4.916380136686E-04,12276301565376628e7
Proteus,FALSE,117646,0,0,4E-04,0.04,1,0.075,0,33,0,0,0,220 x 208 x 202,1.12232,0,16/06/1989,5E+19,NA,Secondary,Neptune,NA,NA,NA,5.919240773166960,1065.4633391700500,2.24586009581551E-09,2.63157894736842E-08,7.86414936586394E-04,47979415375590424e7
Halimede,FALSE,16611000,0,0,0.571,134.1,1,0.01,0,30,0,0,0,NA,1879.7,0,14/08/2002,2E+17,NA,Secondary,Neptune,NA,NA,NA,0.04192234061766300,7.546021311179340,1.85608272381447E-09,1.05263157894737E-10,0.11103767668800100,96267062057707980
Psamathe,FALSE,48096000,0,0,0.45,137.4,1,0,0,20,0,0,0,NA,9115.9,0,19/08/2003,2E+16,NA,Secondary,Neptune,NA,NA,NA,0.014478584497671300,2.606145209580840,8.24925655028653E-10,1.05263157894737E-11,0.3215019022326230,1148289402012121.2
Sao,FALSE,22228000,0,0,0.293,48.5,1,0.01,0,20,0,0,0,NA,2914.1,0,14/08/2002,1E+17,NA,Secondary,Neptune,NA,NA,NA,0.03132814468238260,5.639066042828870,8.24925655028653E-10,5.26315789473684E-11,0.148585002553783,26880571785544860
Laomedeia,FALSE,23567000,0,0,0.424,34.7,1,0.01,0,20,0,0,0,NA,3167.9,0,13/08/2002,1E+17,NA,Secondary,Neptune,NA,NA,NA,0.029548181779607100,5.318672720329270,8.24925655028653E-10,5.26315789473684E-11,0.15753566471050000,23912813410504160
Neso,FALSE,49285000,0,0,0.495,132.6,1,0,0,30,0,0,0,NA,9374,0,14/08/2002,1E+17,NA,Secondary,Neptune,NA,NA,NA,0.014129491731764200,2.543308511717560,1.85608272381447E-09,5.26315789473684E-11,0.32944987632100000,5467763945800620
Charon,FALSE,17536,0,0,0,0,1,0,0,33,0,0,0,39x37x25,2.74,0,13/04/1978,2.4E+16,NA,Secondary,Pluto,NA,NA,NA,39.71116560218980,7148.00980839416,2.24586009581551E-09,1.26315789473684E-11,1.17220919776099E-04,10365480687902925e6
Nix,FALSE,48708,0,0,0,0,1,0,0,33,0,0,0,39x37x25,2.74,0,15/05/2005,2.4E+16,NA,Secondary,Pluto,NA,NA,NA,14.296932742054700,2573.447893569850,2.24586009581551E-09,1.26315789473684E-11,3.25592869551452E-04,13435379114778703e5
Hydra,FALSE,64749,0,0,0,0,1,0,0,33,0,0,0,39x37x25,2.74,0,15/05/2005,2.4E+16,NA,Secondary,Pluto,NA,NA,NA,10.754992355094300,1935.8986239169700,2.24586009581551E-09,1.26315789473684E-11,4.3282033157976E-04,7602989479473377e5
Namaka,FALSE,39300,0,0,0,0,1,0,0,33,0,0,0,39x37x25,2.74,0,30/06/2005,2.4E+16,NA,Secondary,136108 Haumea,NA,NA,NA,17.71946564885500,3189.503816793890,2.24586009581551E-09,1.26315789473684E-11,2.6270427390515E-04,20637896004506343e5
Hiʻiaka,FALSE,49500,0,0,0,0,1,0,0,33,0,0,0,39x37x25,2.74,0,26/01/2005,2.4E+16,NA,Secondary,136108 Haumea,NA,NA,NA,14.068181818181800,2532.2727272727300,2.24586009581551E-09,1.26315789473684E-11,3.30887062552288E-04,13008886440159168e5
Dysnomia,FALSE,30000,0,0,0,0,1,0,0,33,0,0,0,39x37x25,2.74,0,??/09/2005,2.4E+16,NA,Secondary,136199 Eris,NA,NA,NA,23.2125,4178.25,2.24586009581551E-09,1.26315789473684E-11,2.00537613668053E-04,35416693333333335e5
Dia,FALSE,12555000,0,0,0.211,28.23,1,0,0,2,0,0,0,NA,287,0,27/12/2000,90000000000000,NA,Secondary,Jupiter,NA,NA,NA,0.05546348068498610,9.983426523297490,8.24925655028653E-12,4.73684210526316E-14,0.08392499132008030,75831274292753.50
S/2004 S 3,FALSE,141000,0,0,0.02,0,1,0,0,2,0,0,0,NA,0.62,0,21/06/2004,2.4E+16,NA,Secondary,Saturn,NA,NA,NA,4.938609929078010,888.9497872340430,8.24925655028653E-12,1.26315789473684E-11,9.42526784239851E-04,1603290780141844e5
S/2004 S 4,FALSE,140100,0,0,0,0,1,0,0,2,0,0,0,NA,0.61,0,09/09/2004,2.4E+16,NA,Secondary,Saturn,NA,NA,NA,4.970335474660960,894.6603854389720,8.24925655028653E-12,1.26315789473684E-11,9.36510655829809E-04,16239559690462763e4
S/2004 S 6,FALSE,140000,0,0,0.002,0.02,1,0,0,2.5,0,0,0,NA,0.61,0,28/10/2004,2.4E+16,NA,Secondary,Saturn,NA,NA,NA,4.973889285714290,895.3000714285710,1.28894633598227E-11,1.26315789473684E-11,9.35842197117582E-04,16262767346938777e4
S/2010 J 1,FALSE,23314335,0,0,0.32,163.2,1,0,0,1,0,0,0,NA,723.2,0,07/09/2010,2.4E+16,NA,Secondary,Jupiter,NA,NA,NA,0.02986759004706760,5.37616620847217,2.06231413757163E-12,1.26315789473684E-11,0.1558467035052530,5864141693175185
S/2010 J 2,FALSE,20320000,0,0,0.307,150.4,1,0,0,0.5,0,0,0,NA,588.1,0,08/09/2010,2.4E+16,NA,Secondary,Jupiter,NA,NA,NA,0.03426882381889760,6.168388287401580,5.15578534392908E-13,1.26315789473684E-11,0.13583081032449500,7719747814495629
1 Ceres,TRUE,413690250,382620000,445410000,0.07582,10.593,2.161,0.28,510,476.2,487,455,0.9619,NA,1681.63,9.07,01/01/1801,9.39E+20,4210000000,Primary,NA,NA,0.09,8.44157494740693E-06,0.0016843959943460100,0.303191278982282,4.6766363513879E-07,4.9421052631579E-07,2.765348517758010,728709279907864800
6 Hebe,FALSE,362959000,0,0,0,0,1,0,0,33,0,0,0,39x37x25,2.74,0,01/07/1847,2.4E+16,NA,Primary,NA,NA,NA,NA,0.0019186051317090900,0.3453489237076360,2.24586009581551E-09,1.26315789473684E-11,2.426231057311430,24195543442489.50
47171 Lempo,FALSE,5884000000,0,0,0,0,1,0,0,33,0,0,0,39x37x25,2.74,0,01/10/1999,2.4E+16,NA,Primary,NA,NA,NA,NA,1.18350611828688E-04,0.021303110129163800,2.24586009581551E-09,1.26315789473684E-11,39.33211062742750,92067254479.41880
The Little Prince,FALSE,1190,0,0,0,0,1,0,0,33,0,0,0,39x37x25,2.74,0,01/11/1999,2.4E+16,NA,Secondary,45 Eugenia,NA,NA,NA,585.1890756302520,105334.03361344500,2.24586009581551E-09,1.26315789473684E-11,7.95465867549945E-06,22509020549396228e8
762 Pulcova,FALSE,472579673,0,0,0,0,1,0,0,33,0,0,0,39x37x25,2.74,0,03/09/1913,2.4E+16,NA,Primary,NA,NA,NA,NA,0.0014735610517890400,0.265240989322027,2.24586009581551E-09,1.26315789473684E-11,3.1589999963816300,14272512943504.1
4179 Toutatis,FALSE,377326000,0,0,0,0,1,0,0,33,0,0,0,39x37x25,2.74,0,04/01/1989,2.4E+16,NA,Primary,NA,NA,NA,NA,0.0018455526520833400,0.332199477375002,2.24586009581551E-09,1.26315789473684E-11,2.5222685204970600,22388090667245.30
50000 Quaoar,FALSE,6489054000,0,0,0,0,1,0,0,33,0,0,0,39x37x25,2.74,0,04/06/2002,2.4E+16,NA,Primary,NA,NA,NA,NA,1.07315334407758E-04,0.019316760193396400,2.24586009581551E-09,1.26315789473684E-11,43.376646804104500,75698581940.68070
2867 Šteins,FALSE,353495000,0,0,0,0,1,0,0,33,0,0,0,39x37x25,2.74,0,04/11/1969,2.4E+16,NA,Primary,NA,NA,NA,NA,0.0019699712867225800,0.3545948316100650,2.24586009581551E-09,1.26315789473684E-11,2.3629681247862800,25508444123823.50
136199 Eris,TRUE,10180122852,2147483647,2147483647,0.44068,44.0445,2.52,0.82,1380,1163,0,0,0,NA,203830,25.92,05/01/2005,1.66E+22,6590000000,Primary,NA,NA,0.96,3.02974482300215E-05,6.85163637158826E-05,0.012332945468858900,2.78942217074113E-06,8.73684210526316E-06,68.04991811958990,21273616636202764
5 Astraea,FALSE,384877000,0,0,0,0,1,0,0,33,0,0,0,39x37x25,2.74,0,08/12/1845,2.4E+16,NA,Primary,NA,NA,NA,NA,0.001809344284018010,0.325681971123242,2.24586009581551E-09,1.26315789473684E-11,2.572743837857310,21518232864126.900
5145 Pholus,FALSE,3055227000,0,0,0,0,1,0,0,33,0,0,0,39x37x25,2.74,0,09/01/1992,2.4E+16,NA,Primary,NA,NA,NA,NA,2.27929054044102E-04,0.04102722972793840,2.24586009581551E-09,1.26315789473684E-11,20.422931059806900,341478648322.8200
4769 Castalia,FALSE,159053000,0,0,0,0,1,0,0,33,0,0,0,39x37x25,2.74,0,09/08/1989,2.4E+16,NA,Primary,NA,NA,NA,NA,0.004378257561944760,0.7880863611500570,2.24586009581551E-09,1.26315789473684E-11,1.063203635558160,125998910661317.75
Remus,FALSE,706,0,0,0,0,1,0,0,33,0,0,0,39x37x25,2.74,0,09/08/2005,2.4E+16,NA,Secondary,87 Sylvia,NA,NA,NA,986.3668555240790,177546.03399433400,2.24586009581551E-09,1.26315789473684E-11,4.71931850832152E-06,6395008386232135e9
624 Hektor,FALSE,781183000,0,0,0,0,1,0,0,33,0,0,0,39x37x25,2.74,0,10/02/1907,2.4E+16,NA,Primary,NA,NA,NA,NA,8.91436449589917E-04,0.16045856092618500,2.24586009581551E-09,1.26315789473684E-11,5.2218858219350300,5223299794124.4800
216 Kleopatra,FALSE,417796000,0,0,0,0,1,0,0,33,0,0,0,39x37x25,2.74,0,10/04/1880,2.4E+16,NA,Primary,NA,NA,NA,NA,0.0016667823531101300,0.30002082355982300,2.24586009581551E-09,1.26315789473684E-11,2.792793761335270,18260891036467.100
3753 Cruithne,FALSE,149260000,0,0,0,0,1,0,0,33,0,0,0,39x37x25,2.74,0,10/10/1986,2.4E+16,NA,Primary,NA,NA,NA,NA,0.0046655165483049700,0.8397929786948950,2.24586009581551E-09,1.26315789473684E-11,0.9977414738697880,143074964186624.1
3 Junon,FALSE,399480000,0,0,0,0,1,0,0,33,0,0,0,39x37x25,2.74,0,12/01/1804,2.4E+16,NA,Primary,NA,NA,NA,NA,0.0017432036647641900,0.3137766596575550,2.24586009581551E-09,1.26315789473684E-11,2.670358863603800,19973788093340.80
10 Hygiea,FALSE,469345000,0,0,0,0,1,0,0,33,0,0,0,39x37x25,2.74,0,12/04/1849,2.4E+16,NA,Primary,NA,NA,NA,NA,0.001483716668974850,0.2670690004154730,2.24586009581551E-09,1.26315789473684E-11,3.137377542901080,14469919971793.70
21 Lutetia,FALSE,364277000,0,0,0,0,1,0,0,33,0,0,0,39x37x25,2.74,0,12/11/1852,2.4E+16,NA,Primary,NA,NA,NA,NA,0.0019116633770454900,0.3440994078681880,2.24586009581551E-09,1.26315789473684E-11,2.435041343138580,24020775143985.500
253 Mathilde,FALSE,395900000,0,0,0,0,1,0,0,33,0,0,0,39x37x25,2.74,0,12/11/1885,2.4E+16,NA,Primary,NA,NA,NA,NA,0.0017589669108360700,0.3166140439504930,2.24586009581551E-09,1.26315789473684E-11,2.646428041706080,20336654803680.10
Uranus,TRUE,2870658186,2147483647,2147483647,0.0457,0.772,1.27,8.87,21380,25362,25559,24973,0.02293,NA,30685.4,-17.24,13/03/1781,8.68E+25,68300000000000,Primary,NA,0.3,0.488,0.296744357103154,2.51407152380489E-04,0.04525328742848800,0.0013265444757661600,0.045684210526315800,19.189164742570100,13989301719181238e5
7 Iris,FALSE,357019000,0,0,0,0,1,0,0,33,0,0,0,39x37x25,2.74,0,13/08/1847,2.4E+16,NA,Primary,NA,NA,NA,NA,0.0019505264425702800,0.351094759662651,2.24586009581551E-09,1.26315789473684E-11,2.3865246098051600,25007360913888.60
433 Eros,FALSE,218155000,0,0,0,0,1,0,0,33,0,0,0,39x37x25,2.74,0,13/08/1898,2.4E+16,NA,Primary,NA,NA,NA,NA,0.0031921111136577200,0.5745800004583900,2.24586009581551E-09,1.26315789473684E-11,1.4582761036584700,66976149791580.800
Vanth,FALSE,8980,0,0,0,0,1,0,0,33,0,0,0,39x37x25,2.74,0,13/11/2005,2.4E+16,NA,Secondary,90482 Orcus,NA,NA,NA,77.54732739420940,13958.518930957700,2.24586009581551E-09,1.26315789473684E-11,6.00275923579706E-05,3952736345553841e7
90377 Sedna,FALSE,75659770000,0,0,0,0,1,0,0,33,0,0,0,39x37x25,2.74,0,14/11/2003,2.4E+16,NA,Primary,NA,NA,NA,NA,9.20403273760943E-06,0.001656725892769700,2.24586009581551E-09,1.26315789473684E-11,505.7543242157930,556827258.1429170
10199 Chariklo,FALSE,2380000000,0,0,0,0,1,0,0,33,0,0,0,39x37x25,2.74,0,15/02/1997,2.4E+16,NA,Primary,NA,NA,NA,NA,2.92594537815126E-04,0.05266701680672270,2.24586009581551E-09,1.26315789473684E-11,15.9093173509989,562725513734.9060
87 Sylvia,FALSE,522135000,0,0,0,0,1,0,0,33,0,0,0,39x37x25,2.74,0,16/05/1866,2.4E+16,NA,Primary,NA,NA,NA,NA,0.0013337067999655300,0.2400672239937950,2.24586009581551E-09,1.26315789473684E-11,3.490256897085640,11691895051550.400
(243) Ida I Dactyl,FALSE,108,0,0,0,0,1,0,0,33,0,0,0,39x37x25,2.74,0,17/02/1994,2.4E+16,NA,Secondary,243 Ida,NA,NA,NA,6447.916666666670,1160625,2.24586009581551E-09,1.26315789473684E-11,7.21935409204992E-07,2732769547325103e11
90482 Orcus,FALSE,5862440000,0,0,0,0,1,0,0,33,0,0,0,39x37x25,2.74,0,17/02/2004,2.4E+16,NA,Primary,NA,NA,NA,NA,1.18785863906496E-04,0.02138145550316930,2.24586009581551E-09,1.26315789473684E-11,39.187990929071400,92745681898.25160
Pluto,TRUE,5906440628,2147483647,2147483647,0.2488,17.16,1.89,0.62,1210,1188.3,1188.3,1195,0,NA,90465,-153.2928,18/02/1930,1.3E+22,7150000000,Primary,NA,NA,0.575,3.1017133337474E-05,1.18096556611997E-04,0.02125738019015940,2.91210488730243E-06,6.84210526315789E-06,39.482116960372000,49491537470264384
5335 Damocles,FALSE,8368303000,0,0,0,0,1,0,0,33,0,0,0,39x37x25,2.74,0,18/02/1991,2.4E+16,NA,Primary,NA,NA,NA,NA,8.32157965599477E-05,0.014978843380790600,2.24586009581551E-09,1.26315789473684E-11,55.938650469040400,45517219746.86120
Romulus,FALSE,1356,0,0,0,0,1,0,0,33,0,0,0,39x37x25,2.74,0,18/02/2001,2.4E+16,NA,Secondary,87 Sylvia,NA,NA,NA,513.5508849557520,92439.15929203540,2.24586009581551E-09,1.26315789473684E-11,9.06430013779601E-06,17335291200041768e8
Alexhelios,FALSE,775,0,0,0,0,1,0,0,33,0,0,0,39x37x25,2.74,0,18/09/2008,2.4E+16,NA,Secondary,216 Kleopatra,NA,NA,NA,898.5483870967740,161738.70967741900,2.24586009581551E-09,1.26315789473684E-11,5.18055501975805E-06,5306975900104058e9
Cleoselene,FALSE,380,0,0,0,0,1,0,0,33,0,0,0,39x37x25,2.74,0,18/09/2008,2.4E+16,NA,Secondary,216 Kleopatra,NA,NA,NA,1832.5657894736800,329861.84210526300,2.24586009581551E-09,1.26315789473684E-11,2.54014310646201E-06,22074116343490306e9
8 Flora,FALSE,329313000,0,0,0,0,1,0,0,33,0,0,0,39x37x25,2.74,0,18/10/1847,2.4E+16,NA,Primary,NA,NA,NA,NA,0.0021146295469659600,0.3806333184538720,2.24586009581551E-09,1.26315789473684E-11,2.201321438995590,29392245728460.700
2060 Chiron,FALSE,2042652000,0,0,0,0,1,0,0,33,0,0,0,39x37x25,2.74,0,18/10/1977,2.4E+16,NA,Primary,NA,NA,NA,NA,3.40917101885196E-04,0.061365078339335300,2.24586009581551E-09,1.26315789473684E-11,13.654285254475900,763944402737.1310
5261 Eureka,FALSE,227908000,0,0,0,0,1,0,0,33,0,0,0,39x37x25,2.74,0,20/06/1990,2.4E+16,NA,Primary,NA,NA,NA,NA,0.0030555092405707600,0.5499916633027360,2.24586009581551E-09,1.26315789473684E-11,1.523470881861960,61366503696464.00
588 Achilles,FALSE,776669000,0,0,0,0,1,0,0,33,0,0,0,39x37x25,2.74,0,22/02/1906,2.4E+16,NA,Primary,NA,NA,NA,NA,8.96617477973242E-04,0.16139114603518400,2.24586009581551E-09,1.26315789473684E-11,5.191711595665110,5284191867487.400
Weywot,FALSE,10000,0,0,0,0,1,0,0,33,0,0,0,39x37x25,2.74,0,22/02/2007,2.4E+16,NA,Secondary,50000 Quaoar,NA,NA,NA,69.6375,12534.75,2.24586009581551E-09,1.26315789473684E-11,6.68458712226845E-05,3.1875024E+22
28978 Ixion,FALSE,5910896000,0,0,0,0,1,0,0,33,0,0,0,39x37x25,2.74,0,22/05/2001,2.4E+16,NA,Primary,NA,NA,NA,NA,1.17812088048918E-04,0.021206175848805300,2.24586009581551E-09,1.26315789473684E-11,39.51189928266810,91231304352.61050
Neptune,TRUE,4498396441,2147483647,2147483647,0.0113,1.769,1.638,11.15,23560,24622,24764,24341,0.01708,NA,60189,16.11,23/09/1846,1.02E+26,62500000000000,Primary,NA,0.29,0.442,0.27858249283654400,1.60271334342362E-04,0.02884884018162510,0.0012502632704754000,0.05368421052631580,30.06992292036680,6694590188575544e5
Shoemaker-Levy 9,FALSE,0,0,0,0,0,1,0,0,33,0,0,0,39x37x25,2.74,0,24/03/1993,2.4E+16,NA,Primary,NA,NA,NA,NA,Inf,Inf,2.24586009581551E-09,1.26315789473684E-11,0,Inf
9 Metis,FALSE,357052000,0,0,0,0,1,0,0,33,0,0,0,39x37x25,2.74,0,25/04/1848,2.4E+16,NA,Primary,NA,NA,NA,NA,0.0019503461680651600,0.351062310251728,2.24586009581551E-09,1.26315789473684E-11,2.3867452011801900,25002738591234.00
136108 Haumea,TRUE,6432011461,2147483647,2147483647,0.19126,28.19,2.6,0.401,809,33,0,498,0.6102,1960 x 1518 x 996,103774,3.92,28/12/2004,4.01E+21,2400000000,Primary,NA,NA,0.66,9.08271474132907E-06,1.08267064544648E-04,0.019488071618036600,2.24586009581551E-09,2.11052631578947E-06,42.995340982483700,12873304208117888
7066 Nessus,FALSE,3689000000,0,0,0,0,1,0,0,33,0,0,0,39x37x25,2.74,0,26/04/1993,2.4E+16,NA,Primary,NA,NA,NA,NA,1.88770669558146E-04,0.03397872052046630,2.24586009581551E-09,1.26315789473684E-11,24.659441894048300,234224979702.3540
25143 Itokawa,FALSE,198049628,0,0,0,0,1,0,0,33,0,0,0,39x37x25,2.74,0,26/09/1998,2.4E+16,NA,Primary,NA,NA,NA,NA,0.003516164140434540,0.6329095452782170,2.24586009581551E-09,1.26315789473684E-11,1.3238799928988600,81264797677167.6
10370 Hylonome,FALSE,3779000000,0,0,0,0,1,0,0,33,0,0,0,39x37x25,2.74,0,27/02/1995,2.4E+16,NA,Primary,NA,NA,NA,NA,1.84274940460439E-04,0.03316948928287910,2.24586009581551E-09,1.26315789473684E-11,25.261054735052500,223201308662.42400
45 Eugenia,FALSE,406934000,0,0,0,0,1,0,0,33,0,0,0,39x37x25,2.74,0,27/06/1857,2.4E+16,NA,Primary,NA,NA,NA,NA,0.0017112725896582700,0.3080290661384890,2.24586009581551E-09,1.26315789473684E-11,2.720185776013190,19248751493082.70
(308933) 2006 SQ372,FALSE,152000000000,0,0,0,0,1,0,0,33,0,0,0,39x37x25,2.74,0,27/09/2006,2.4E+16,NA,Primary,NA,NA,NA,NA,4.58141447368421E-06,8.24654605263158E-04,2.24586009581551E-09,1.26315789473684E-11,1016.0572425848000,137963227.14681400
2 Pallas,FALSE,414717000,0,0,0,0,1,0,0,33,0,0,0,39x37x25,2.74,0,28/03/1802,2.4E+16,NA,Primary,NA,NA,NA,NA,0.0016791571119582800,0.30224828015249000,2.24586009581551E-09,1.26315789473684E-11,2.7722119175858000,18533047718306.30
8405 Asbolus,FALSE,2694000000,0,0,0,0,1,0,0,33,0,0,0,39x37x25,2.74,0,28/03/1995,2.4E+16,NA,Primary,NA,NA,NA,NA,2.58491091314031E-04,0.04652839643652560,2.24586009581551E-09,1.26315789473684E-11,18.008277707391200,439192927283.7600
20000 Varuna,FALSE,6451398000,0,0,0,0,1,0,0,33,0,0,0,39x37x25,2.74,0,28/11/2000,2.4E+16,NA,Primary,NA,NA,NA,NA,1.07941720538711E-04,0.01942950969696800,2.24586009581551E-09,1.26315789473684E-11,43.12493199142840,76584847157.54250
4 Vesta,FALSE,353343000,0,0,0,0,1,0,0,33,0,0,0,39x37x25,2.74,0,29/03/1807,2.4E+16,NA,Primary,NA,NA,NA,NA,0.0019708187228840000,0.3547473701191190,2.24586009581551E-09,1.26315789473684E-11,2.3619520675437000,25530395131573.700
243 Ida,FALSE,428000000,0,0,0,0,1,0,0,33,0,0,0,39x37x25,2.74,0,29/09/1884,2.4E+16,NA,Primary,NA,NA,NA,NA,0.0016270443925233600,0.2928679906542060,2.24586009581551E-09,1.26315789473684E-11,2.861003288330900,17400550266398.800
Comet Hyakutake,FALSE,0,0,0,0,0,1,0,0,33,0,0,0,39x37x25,2.74,0,30/01/1996,2.4E+16,NA,Primary,NA,NA,NA,NA,Inf,Inf,2.24586009581551E-09,1.26315789473684E-11,0,Inf
951 Gaspra,FALSE,330513000,0,0,0,0,1,0,0,33,0,0,0,39x37x25,2.74,0,30/07/1916,2.4E+16,NA,Primary,NA,NA,NA,NA,0.002106951920196790,0.3792513456354210,2.24586009581551E-09,1.26315789473684E-11,2.209342943542310,29179203180216.000
15760 Albion,FALSE,6547379000,0,0,0,0,1,0,0,33,0,0,0,39x37x25,2.74,0,30/08/1992,2.4E+16,NA,Primary,NA,NA,NA,NA,1.06359353872748E-04,0.01914468369709470,2.24586009581551E-09,1.26315789473684E-11,43.76652534801090,74355921151.2111
136472 Makemake,TRUE,6783345606,2147483647,2147483647,0.15586,29.00685,1.4,0.5,800,725,745,715,0.05,NA,112897,0,31/03/2005,4.4E+21,1700000000,Primary,NA,NA,0.81,9.66111538274923E-06,1.02761533981614E-04,0.018497076116690500,1.08400386856109E-06,2.31578947368421E-06,45.34386468376390,12700010091486556
Halley's Comet,FALSE,2677801885,0,0,0,0,1,0,0,33,0,0,0,39x37x25,2.74,0,NA,2.4E+16,NA,Primary,NA,NA,NA,NA,2.60054712748102E-04,0.046809848294658300,2.24586009581551E-09,1.26315789473684E-11,17.89999999645720,444522383725.4240
Jupiter,TRUE,778340821,740379835,816620000,0.0489,1.304,1.3262,24.79,60200,69911,71492,66854,0.06487,NA,4332.589,9.925,NA,1.9E+27,1.43E+15,Primary,NA,0.503,0.538,12.473518221509600,9.84469758396496E-04,0.17720455651136900,0.010079659175537100,1,5.20288702879245,4165366917488384e8
Mars,TRUE,227943824,206700000,249200000,0.0935,1.85,3.9341,3.71,5030,3389.5,3396.19,3376.2,0.00589,NA,686.98,24.6229,NA,6.42E+23,163000000000,Primary,NA,0.25,0.17,0.007784519549393160,0.0030697541513561700,0.5525557472441110,2.36933295710391E-05,3.37894736842105E-04,1.5237103505110300,1641038036160083e6
Mercury,TRUE,57909227,46001200,69816900,0.2056,7,5.4291,3.7,4250,2439.4,2440.53,2439.7,0,NA,87.969,1407.6,NA,3.3E+23,60830000000,Primary,NA,0.088,0.142,0.00793862161040997,0.012066840401789500,2.172031272322110,1.22721557360848E-05,1.73684210526316E-04,0.3870992730647200,13069461176634694e6
Saturn,TRUE,1426666422,1349823615,1503509229,0.0565,2.485,0.6871,10.44,36090,58232,60268,54364,0.09796,NA,10759.22,10.656,NA,5.68E+26,827000000000000,Primary,NA,0.342,0.499,2.752346054227440,5.2890710005089E-04,0.0952032780091603,0.006993236758857440,0.29894736842105300,9.536675992274,37063184779754368e6
Sun,FALSE,0,0,0,0,0,1.408,274,617000,696342,0,0,0,39x37x25,2.74,601,NA,1.99E+30,1.41E+18,Primary,NA,NA,NA,NA,Inf,Inf,1,1047.3684210526300,0,Inf
Earth,TRUE,149598262,147095000,152100000,0.0167,0,5.5136,9.8,11190,6371.0084,6378.1366,6356.8,0.00335,NA,365.256,23.9345,NA,5.97E+24,1080000000000,Primary,NA,0.306,0.367,0.08935452898655730,0.004697334039883430,0.8455201271790180,8.37088112086593E-05,0.003142105263157900,1.000002615678940,35429132114417433e6
Venus,TRUE,108208475,107477000,108939000,0.0067,3.39,5.243,8.87,10360,6051.8,6051.8,6051.8,0,NA,224.701,-5832.5,NA,4.87E+24,928000000000,Primary,NA,0.76,0.689,0.08570344549147360,0.006491116338161130,1.168400940869000,7.55307771042798E-05,0.002563157894736840,0.7233289785053070,5523898461866541e7
Kerberos,FALSE,59000,0,0,0,0,1,0,0,33,0,0,0,39x37x25,2.74,0,20/07/2011,2.4E+16,NA,Secondary,Pluto,NA,NA,NA,11.802966101694900,2124.5338983050800,2.24586009581551E-09,1.26315789473684E-11,3.94390640213838E-04,9156858374030451e5
S/2011 J 1,FALSE,20155290,0,0,0.296,162.8,1,0,0,0.5,0,0,0,NA,580.7,0,29/01/2012,2.4E+16,NA,Secondary,Jupiter,NA,NA,NA,0.034548870296582200,6.218796653384790,5.15578534392908E-13,1.26315789473684E-11,0.13472979197958600,7846435658973901
S/2011 J 2,FALSE,23329710,0,0,0.332,148.8,1,0,0,0.5,0,0,0,NA,726.8,0,29/01/2012,2.4E+16,NA,Secondary,Jupiter,NA,NA,NA,0.0298478849501344,5.372619291024190,5.15578534392908E-13,1.26315789473684E-11,0.1559494790322570,5856414938832261
Styx,FALSE,45000,0,0,0,0,1,0,0,33,0,0,0,39x37x25,2.74,0,11/07/2012,2.4E+16,NA,Secondary,Pluto,NA,NA,NA,15.475,2785.5,2.24586009581551E-09,1.26315789473684E-11,3.0080642050208E-04,15740752592592592e5
Hippocamp,FALSE,105200,0,0,0,0,1,0,0,17,0,0,0,NA,0.95,0,01/07/2013,3E+16,NA,Secondary,Neptune,NA,NA,NA,6.619382129277570,1191.488783269960,5.96008785758202E-10,1.57894736842105E-11,7.0321856526264E-04,3600220113056427e5
S/2015 (136472) 1,FALSE,21100,0,0,0,0,1,0,0,33,0,0,0,39x37x25,2.74,0,26/04/2016,2.4E+16,NA,Secondary,136472 Makemake,NA,NA,NA,33.00355450236970,5940.63981042654,2.24586009581551E-09,1.26315789473684E-11,1.41044788279864E-04,7159548078434896e6
S/2017 J 1,FALSE,23587000,0,0,0.397,149.2,1,0,0,2,0,0,0,NA,734.2,0,06/06/2017,2.4E+16,NA,Secondary,Jupiter,NA,NA,NA,0.02952236401407560,5.314025522533600,8.24925655028653E-12,1.26315789473684E-11,0.15766935645294600,5729346737465006
S/2016 J 1,FALSE,20651000,0,0,0.141,139.8,1,0,0,0.5,0,0,0,NA,602.7,0,06/06/2017,2.4E+16,NA,Secondary,Jupiter,NA,NA,NA,0.033719553532516600,6.069519635852990,5.15578534392908E-13,1.26315789473684E-11,0.13804340866196600,7474262510735348
Valetudo,FALSE,18980000,0,0,0.222,34,1,0,0,0.5,0,0,0,NA,533,0,17/07/2018,2.4E+16,NA,Secondary,Jupiter,NA,NA,NA,0.03668822444678610,6.603880400421500,5.15578534392908E-13,1.26315789473684E-11,0.1268734635806550,8848264658822276
S/2017 J 2,FALSE,23303000,0,0,0.236,166.4,1,0,0,1,0,0,0,NA,723,0,17/07/2018,2.4E+16,NA,Secondary,Jupiter,NA,NA,NA,0.0298821181822083,5.378781272797490,2.06231413757163E-12,1.26315789473684E-11,0.1557709337102220,5869847929471585
S/2017 J 3,FALSE,20694000,0,0,0.148,147.9,1,0,0,1,0,0,0,NA,606,0,17/07/2018,2.4E+16,NA,Secondary,Jupiter,NA,NA,NA,0.03364951193582680,6.056912148448830,2.06231413757163E-12,1.26315789473684E-11,0.13833084590822300,7443233287106161
Pandia,FALSE,11525000,0,0,0.18,28.2,1,0,0,1.5,0,0,0,NA,252,0,17/07/2018,2.4E+16,NA,Secondary,Jupiter,NA,NA,NA,0.060420260303687600,10.875646854663800,4.64020680953617E-12,1.26315789473684E-11,0.07703986658414380,23997646538459732
S/2017 J 5,FALSE,23232000,0,0,0.284,164.3,1,0,0,1,0,0,0,NA,719,0,17/07/2018,2.4E+16,NA,Secondary,Jupiter,NA,NA,NA,0.029973441804407700,5.395219524793390,2.06231413757163E-12,1.26315789473684E-11,0.15529632802454100,5905780783985612
S/2017 J 6,FALSE,22455000,0,0,0.557,155.2,1,0,0,1,0,0,0,NA,683,0,17/07/2018,2.4E+16,NA,Secondary,Jupiter,NA,NA,NA,0.031010598975729200,5.581907815631260,2.06231413757163E-12,1.26315789473684E-11,0.15010240383053800,6321561998784179
S/2017 J 7,FALSE,20627000,0,0,0.215,143.4,1,0,0,1,0,0,0,NA,603,0,17/07/2018,2.4E+16,NA,Secondary,Jupiter,NA,NA,NA,0.03375881126678630,6.076586028021530,2.06231413757163E-12,1.26315789473684E-11,0.13788297857103100,7491665590002511
S/2017 J 8,FALSE,23233000,0,0,0.312,164.7,1,0,0,0.5,0,0,0,NA,720,0,17/07/2018,2.4E+16,NA,Secondary,Jupiter,NA,NA,NA,0.029972130159686700,5.394983428743600,5.15578534392908E-13,1.26315789473684E-11,0.1553030126116630,5905272399043071
S/2017 J 9,FALSE,21487000,0,0,0.229,152.7,1,0,0,1.5,0,0,0,NA,639,0,17/07/2018,2.4E+16,NA,Secondary,Jupiter,NA,NA,NA,0.0324076650998278,5.833379717969000,4.64020680953617E-12,1.26315789473684E-11,0.1436317234961820,6903970909610359
Ersa,FALSE,11483000,0,0,0.094,30.6,1,0,0,1.5,0,0,0,NA,252,0,17/07/2018,2.4E+16,NA,Secondary,Jupiter,NA,NA,NA,0.06064125228598800,10.915425411477800,4.64020680953617E-12,1.26315789473684E-11,0.07675911392500860,24173514237590044
Ultima Thule,FALSE,6633400000,0,0,0,0,1,0,0,33,0,0,0,39x37x25,2.74,0,26/06/2014,2.4E+16,NA,Primary,NA,NA,NA,NA,1.04980100702506E-04,0.01889641812645100,2.24586009581551E-09,1.26315789473684E-11,44.34154021685550,72439950948.44280
101955 Bennu,FALSE,168400000,0,0,0,0,1,0,0,33,0,0,0,39x37x25,2.74,0,11/09/1999,2.4E+16,NA,Primary,NA,NA,NA,NA,0.004135243467933490,0.7443438242280290,2.24586009581551E-09,1.26315789473684E-11,1.1256844713900100,112400009027256.69